airplane,flight,travel,airport,jet,passenger,pilot,wing,engine,altitude,cockpit,
alcohol,drink,beer,wine,liquor,intoxication,booze,spirits,fermented,beverage,distilled,
alphabet,letters,ABCs,language,spelling,grammar,phonics,writing,reading,communication,literacy,
ambulance,emergency,medical,rescue,siren,vehicle,patient,paramedic,driver,accident,transport,
anchor,ship,boat,sea,harbor,weight,rope,chain,hold,fishing,navy,
abdomen,body,stomach,torso,muscles,diaphragm,organs,abdominal,navel,core,digestion,
angel,heaven,divine,spirit,halo,wings,cherub,guardian,messenger,faithful,glory,
ant,insect,pest,colony,worker,queen,sugar,acid,march,army,entomology,
apartment,building,residence,rent,flat,home,household,roommate,furniture,landlord,lease,
apple,fruit,red,green,pie,cider,juice,orchard,core,skin,slice,juice,core,orchard,crisp,eve,cider,pie,seed,
banana,fruit,yellow,peel,tropical,curve,plantain,smoothie,bunch,potassium,
baseball,sport,ball,bat,pitcher,homerun,diamond,catcher,glove,team,inning,
beach,sand,sun,water,ocean,umbrella,towel,waves,swim,surf,shore,
birthday,celebrate,cake,gifts,presents,age,party,candles,balloons,wrapping,surprise,
book,read,pages,library,author,novel,story,chapter,cover,ink,paper,
butterfly,insect,wings,caterpillar,flutter,moth,flight,colors,metamorphosis,flutterby,flap,
camera,picture,photography,lens,flash,shutter,film,digital,portrait,video,zoom,
camping,outdoors,tent,nature,hike,fire,backpack,sleeping bag,bug spray,fishing,adventure,
candy,sweet,snack,treat,flavors,chocolate,wrapper,sugar,cravings,shop,confectionery,
car,drive,engine,transportation,wheels,vehicle,gasoline,road,accelerate,traffic,auto,
carrot,vegetable,orange,root,juice,crunchy,healthy,dip,celery,stick,snack,
cat,purr,feline,whiskers,claws,meow,kitten,pet,fur,playful,scratch,
chair,furniture,seat,table,wood,rocking,office,comfortable,upholstery,leg,armrest,
chef,cook,food,kitchen,restaurant,recipe,spatula,apron,meal,cuisine,culinary,
chicken,poultry,meat,feathers,eggs,fried,rooster,grill,breast,wing,nugget,
chocolate,sweet,candy,dark,milk,brownie,cocoa,bar,hot,fondue,truffle,
church,religion,faith,service,pray,bible,altar,pew,God,cross,choir,
circus,clown,acrobatics,elephant,tent,performer,ringmaster,show,animal,tightrope,juggler,
clock,time,watch,alarm,tick,tock,hand,hour,minute,digital,analog,
cloud,sky,white,fluffy,rain,thunderstorm,heaven,moisture,weather,meteorology,cumulus,
coffee,drink,bean,cafeine,aroma,mug,roast,espresso,latte,cappuccino,barista,
computer,technology,screen,keyboard,mouse,laptop,software,hardware,program,email,internet,
cookie,biscuit,sweet,chocolate,crumble,bake,jar,sugar,candy,snack,oven,
cow,moo,milk,farm,udder,beef,grass,horn,meadow,hay,barn,
crayon,color,drawing,art,child,kid,paper,paint,sketch,pencil,crayola,
cupcake,sweet,cake,frosting,birthday,bakery,pastry,candle,icing,sprinkles,muffin,
dance,music,rhythm,feet,ballroom,disco,ballet,partner,move,hip hop,tango,
desk,furniture,office,chair,computer,drawer,lamp,work,wooden,student,table,
doctor,medicine,patient,hospital,diagnosis,health,appointment,surgeon,office,checkup,clinic,
dog,bark,pet,canine,puppy,tail,leash,woof,labrador,fetch,bone,loyal,puppy,paws,canine,leash,woof,tail,furry,
dolphin,mammal,ocean,swim,fin,smart,whistle,sea,water,mammal,flipper,
door,entry,lock,handle,wood,open,hinge,close,exit,portal,gateway,
dragon,fire,breath,fantasy,mythical,scales,wing,myth,medieval,legend,fiction,
drawing,art,pencil,sketch,paper,color,artist,painting,illustration,doodle,marker,
duck,quack,bird,feathers,pond,water,fowl,beak,swim,goose,waddle,
elephant,trunk,grey,tusk,herd,zoo,tail,tusk,ears,ivory,mammal,tusk,animal,grey,ears,safari,Africa,ivory,herd,thick,
envelope,mail,letter,address,stamps,postage,flap,paper,cardboard,message,seal,
eye,see,vision,eyelash,iris,eyebrow,contact lens,tear,look,observe,retina,
fairy,tale,magic,mythology,wings,pixie,forest,enchanted,myth,fantasy,sprite,
farm,tractor,animals,crops,barn,hay,harvest,rural,farmer,field,homestead,
feather,bird,down,quill,light,soft,plume,flight,fly,peacock,fluffy,
fireplace,heat,wood,smoke,chimney,flame,logs,ember,mantel,cozy,hearth,
fish,swim,scales,water,aquarium,seafood,angler,bait,catch,nets,sushi,
flag,nation,country,patriotic,windy,emblem,symbol,red,white,blue,stars,
flower,petal,bloom,garden,fragrant,beauty,florist,stem,rose,colorful,plant,garden,rose,blossom,plant,fragrant,floral,daisy,bloom,botanical,
football,sport,touchdown,field,quarterback,team,goal,kick,pigskin,cheerleaders,helmet,
frog,ribbit,amphibian,water,pond,hop,swamp,toad,green,jump,lily pad,
fruit,apple,orange,banana,peach,grape,melon,pineapple,kiwi,juice,pear,
game,play,fun,board,video,chess,cards,team,win,lose,dice,
ghost,spirit,apparition,haunt,phantom,spooky,scary,Boo,supernatural,translucent,ectoplasm,
giraffe,neck,spots,animal,tall,zoo,safari,Africa,herbivore,graze,mammal,
glasses,eyewear,vision,frames,contact lens,reading,see,protect,lens,optical,
guitar,music,strings,play,acoustic,electric,band,instrument,tune,melody,note,music,strings,rock,acoustic,electric,band,play,amp,pick,blues,
gym,fitness,exercise,weights,treadmill,yoga,workout,dumbbell,sweat,health,muscle,
hair,head,style,brush,comb,shampoo,conditioner,cut,trim,dye,scalp,
hat,head,wear,brim,style,cap,baseball,sun,beanie,feather,fedora,
heart,love,organ,blood,pump,cardiovascular,red,valentine,beat,pulse,health,
helicopter,rotor,sky,aircraft,chopper,flight,transport,propeller,hover,aviation,whirlybird,
hippopotamus,water,animal,mammal,Africa,river,large,teeth,graze,herbivore,thick,
horse,giddyup,equine,hoof,stable,neigh,mane,saddle,gallop,trot,rider,
hospital,sick,emergency,patient,doctor,nurse,healthcare,beds,clinic,medicine,ward,
house,music,disco,home,roof,door,window,family,apartment,chimney,garage,kitchen,wall,home,roof,door,window,family,rooms,neighborhood,mortgage,lawn,brick,
ice cream,scoop,cone,frozen,treat,flavor,sugar,cream,vanilla,chocolate,strawberry,scoop,vanilla,cone,chocolate,frozen,treat,strawberry,dessert,milkshake,sundae,
island,beach,tropical,ocean,palm trees,paradise,coconut,hawaii,vacation,secluded,seashells,
jacket,coat,zipper,pockets,winter,fashion,outerwear,leather,windbreaker,hoodie,sleeves,
jellyfish,ocean,sea,marine,tentacles,translucent,sting,beach,jelly,stinger,creature,
jungle,wild,animals,plants,trees,canopy,green,adventure,exotic,safari,foliage,
kangaroo,australia,pouch,animal,marsupial,jump,hop,joey,boxing,kick,wallaby,
key,lock,open,door,entry,access,car,metal,ring,security,skeleton,unlock,lock,metal,door,security,car,ring,chain,entry,password,
kite,wind,fly,sky,tail,string,paper,children,toy,air,breeze,
koala,australia,bear,marsupial,tree,eucalyptus,cute,sleep,climb,fur,leaves,
lamp,light,bulb,table,desk,shade,switch,electricity,glow,night,illuminate,shade,table,bulb,electric,illuminate,glow,switch,desk,nightstand,
lemon,yellow,fruit,sour,tart,citrus,juice,limoncello,pie,zest,acidic,
library,books,quiet,study,shelves,reading,education,stacks,literature,resources,archives,
lion,roar,mane,Africa,cat,wildlife,safari,pride,majestic,tiger,panthera,
lips,kiss,mouth,smile,red,wet,balm,cosmetics,sexy,tongue,beauty,
lizard,reptile,tail,scales,crawl,iguana,gecko,chameleon,snake,slither,wall,
lobster,claws,red,seafood,crustacean,crab,shellfish,boil,tail,delicacy,butter,
locket,jewelry,necklace,pendant,keepsake,gold,heart,photo,chain,treasure,sentimental,
lollipop,sucker,candy,sweet,treat,hard,flavorful,cherry,blue raspberry,tongue,lick,
love,hug,kiss,romance,heart,valentine,couple,affection,admire,attraction,commitment,
mailbox,letter,postage,mail,address,envelope,delivery,stamps,postman,parcel,correspondence,
map,location,geography,atlas,navigation,territory,compass,cartography,landmarks,earth,globe,
marshmallow,sweet,toasty,campfire,sugar,fluffy,soft,candy,smores,white,pink,
mermaid,fairy tale,underwater,fantasy,fish tail,mythical,siren,sea creature,beauty,legend,ariel,
microphone,sing,record,voice,amplify,stage,performance,studio,announcer,podcast,mic,
mirror,reflect,glass,image,vanity,bathroom,makeup,shatter,frame,wall,reflection,
money,cash,bank,wealth,finance,coins,budget,save,salary,invest,rich,dollar,bills,wealth,spend,savings,coin,purse,credit,finance,
moon,night,sky,craters,orbit,lunar,eclipse,full,waxing,crescent,astrology,
mosquito,bite,insect,swat,annoying,malaria,repellent,net,itchy,summer,west nile,
mountain,climb,rocky,elevation,summit,peak,range,snowy,scenic,alpine,hiking,
movie,film,watch,theater,screen,act,scene,director,premiere,comedy,action,
mushroom,fungi,edible,toadstool,grow,forest,spore,poisonous,button,shiitake,chanterelle,
necktie,suit,formal,fashion,office,silk,bow,striped,accessory,gentleman,knot,
needle,sew,thread,point,sharp,thimble,embroidery,quilt,seamstress,acupuncture,shot,
nest,birds,egg,twig,home,feather,roost,owl,hatch,tree,aviary,
night,stars,moon,darkness,sky,sleep,owl,dreams,quiet,peaceful,midnight,
notebook,paper,write,pen,study,school,spiral,sketch,compose,record,agenda,
ocean,sea,water,beach,waves,swim,boat,coral,marine,abyss,submarine,water,waves,beach,swim,boat,shark,salt,fish,tide,blue,
octopus,sea creature,tentacles,suction,ink,inkwell,cephalopod,underwater,squid,reef,marine,
onion,vegetable,tear,pungent,layer,white,red,green,chop,recipe,caramelized,
orange,fruit,citrus,juice,peel,zest,segment,tangerine,vitamin c,mandarin,navel,
otter,animal,aquatic,fur,swim,playful,river,stream,webbed feet,slide,otterly adorable,
oven,bake,cook,kitchen,heat,appliance,roast,pizza,toaster,broil,cake,
owl,bird,nocturnal,feather,hoot,wise,predator,prey,eagle,beak,head turner,
painting,art,canvas,brush,portrait,landscape,frame,impressionism,acrylic,oil,paint,
palm tree,tropical,beach,coconut,sun,shade,island,sand,frond,caribbean,date,
panda,bear,endangered,black and white,asia,bamboo,cute,zoology,habitat,belly,roly-poly,
penguin,bird,antarctica,flightless,black and white,waddle,cold,ice,
piano,keys,notes,strings,concert,classical,instrument,play,recital,accompanist,melody,play,music,instrument,grand,upright,concert,bench,recital,ivory,
pie,apple,pumpkin,crust,bake,filling,fruit,flaky,oven,pastry,delicious,
pillow,soft,bed,sleep,rest,head,feather,stuffing,comfort,case,cushion,
pineapple,fruit,tropical,juicy,spiky,sweet,leafy,stem,edible,caribbean,hawaii,
pizza,cheese,tomato,slice,pepperoni,delivery,crust,sausage,olive,italian,delivery,slice,cheese,toppings,pepperoni,delivery,oven,italian,bread,sausage,crust,
planet,solar system,orbit,earth,astronomy,space,mars,venus,jupiter,saturn,neptune,
plastic,material,recycle,bottle,bag,environment,landfill,disposable,artificial,waste,pollution,
platypus,animal,duck-billed,webbed feet,beaver,otter,egg-laying,venomous,spur,australia,mammal,
popsicle,ice cream,frozen,treat,summer,sugar,fruit,stick,juice,cool,refreshing,
potato,vegetable,starch,bake,fry,mash,chips,tuber,boil,hash brown,peel,
pretzel,baked,dough,salt,snack,twist,bite,hard,soft,german,philadelphia,
pumpkin,vegetable,fall,halloween,orange,jack-o-lantern,carve,pie,candle,squash,autumn,
puppy,animal,dog,cute,fluffy,paws,playful,loyal,tail,wag,canine,
purse,bag,handbag,wallet,clutch,shoulder,accessory,fashion,leather,carry,coin,
queen,king,crown,royal,monarch,throne,princess,palace,castle,jewels,regal,royalty,crown,king,monarch,throne,castle,palace,regal,sovereign,rule,
rain,water,drops,umbrella,clouds,wet,drizzle,thunderstorm,puddles,sprinkle,shower,
rainbow,colors,sky,arc,weather,light,refraction,leprechaun,pot of gold,unicorn,
raspberry,fruit,red,juicy,sweet,seed,summer,berry,pi,easy to pick,
recycle,environment,green,plastic,paper,aluminum,reduce,reuse,landfill,trash,conservation,
redwood,tree,tall,california,sequoia,giant,wood,lumber,forest,evergreen,national park,
remote,control,television,device,channel,battery,clicker,program,button,couch,power,
river,water,flow,current,fish,stream,canoe,raft,kayak,bank,natural,
robot,mechanical,artificial,intelligence,automate,program,science,future,technology,android,cyborg,
rock,stone,hard,geology,mineral,pebble,music,cave,formation,climb,skipping,
rollercoaster,amusement park,ride,thrill,loop,scream,track,upside down,fast,fun,roller coaster,
rose,flower,thorn,red,fragrant,bouquet,petal,garden,romance,valentine\'s day,
sailboat,boat,wind,water,ocean,travel,leisure,regatta,mast,yacht,sail,
sandwich,bread,filling,lunch,meal,submarine,hamburger,wrap,hoagie,
scissors,cut,paper,tool,sharp,craft,sew,metal,blades,stationery,barber,
seafood,clam,crab,fish,lobster,shrimp,oyster,salmon,tuna,sushi,sea,
shark,animal,teeth,fin,ocean,prey,attack,killer,swim,sea,marine,
skateboard,wheels,ride,skate,thrasher,street,trick,skater,deck,grind,board,
skyscraper,building,tall,city,office,construction,elevator,glass,architecture,view,steel,
snail,animal,shell,slow,garden,slime,slug,crawl,escargot,herbivore,land,
sneeze,cold,nose,tissue,allergy,contagious,achoo,virus,infection,health,germs,
snowball,snow,throw,white,winter,fight,ball,freeze,ice,fun,cold,
socks,footwear,feet,warm,laundry,ankle,toes,cotton,wool,stocking,shoe,
soda,drink,fizz,carbonated,beverage,can,pop,bottle,refreshment,sugar,caffeine,
spider,animal,web,arachnid,creepy,crawl,venomous,eight legs,black widow,scare,spin,
squirrel,animal,nuts,tree,rodent,acorn,climb,tail,bushy,gray,forest,
statue,sculpture,marble,bronze,art,monument,carving,pedestal,fountain,figure,museum,
stethoscope,doctor,heart,listen,medical,device,health,care,diagnose,nurse,patient,
stomach,body,organ,digestion,food,acid,bloat,ache,intestine,gut,abdomen,
strawberry,fruit,red,sweet,jam,pie,plant,summer,juicy,ice cream,garden,
subway,train,transportation,underground,commute,metro,tunnel,platform,railroad,station,track,
sugar,sweet,granulated,white,crystals,coffee,tea,baking,candy,cookie,calories,
sunflower,plant,flower,yellow,seed,stem,garden,petal,sunshine,tall,bloom,
sunshine,sun,light,warmth,bright,heat,summer,yellow,day,glow,shine,
sushi,food,japanese,raw,fish,seaweed,wasabi,soy sauce,roll,spicy,restaurant,
swimming,water,pool,exercise,stroke,dive,breath,olympics,competition,sport,swim,
sword,weapon,blade,metal,sharp,medieval,fight,knight,cut,handle,foil,
taco,food,mexican,meat,spicy,salsa,cheese,tortilla,beans,guacamole,fast food,
telescope,astronomy,stars,view,optics,observation,space,moon,gaze,planet,celestial,
television,media,program,remote,screen,show,drama,comedy,channel,news,entertainment,
tent,camping,outdoor,sleep,bag,hiking,backpacking,campfire,night,adventure,canvas,
toilet,restroom,plumbing,bathroom,flush,seat,paper,urinal,bowl,water,clean,
toothbrush,dental,teeth,paste,oral,clean,hygiene,bristles,gum,whitening,mouth,
tornado,weather,wind,destruction,storm,funnel,disaster,dangerous,sky,rotation,cloud,
tractor,farming,vehicle,agriculture,farm,harvest,field,plow,engineer,heavy,work,
traffic,road,cars,jam,congestion,street,intersection,signal,vehicle,drive,commute,
train,transportation,railroad,engine,track,passenger,conductor,platform,station,speed,commute,
tree,plant,wood,leaf,bark,branch,root,forest,shade,fall,colorful,wood,leaves,branch,bark,forest,green,growth,shade,roots,fall,
trombone,music,instrument,jazz,slide,brass,band,orchestra,sound,play,concert,
truck,vehicle,transportation,haul,load,delivery,driver,cargo,engine,diesel,transport,
tulip,plant,flower,garden,bloom,colorful,spring,bulb,petal,nature,beauty,
tunnel,construction,roadway,underground,subway,bridge,transportation,dig,engineer,traffic,route,
turtle,animal,shell,slow,pond,swim,pond,reptile,green,water,land,
umbrella,rain,protection,handle,shade,cover,storm,wind,open,close,parasol,rain,weather,shade,protection,open,close,parasol,handle,canopy,beach,
underwear,clothing,intimate,panties,boxer,brief,thong,lace,cotton,elastic,comfort,
vacuum,cleaner,household,suction,dirt,carpet,floor,bag,furniture,cord,upholstery,
valentine,holiday,love,romance,cupid,heart,chocolate,rose,affection,February,gift,
vegetable,food,healthy,nutrition,green,pepper,carrot,tomato,onion,cucumber,lettuce,
violin,music,instrument,orchestra,strings,play,classical,bow,sound,concert,musician,strings,bow,instrument,concert,orchestra,play,classical,note,melody,
volcano,nature,eruption,fire,lava,mountain,ash,smoke,heat,earthquake,crater,
wallet,money,purse,billfold,credit card,cash,leather,pocket,change,carry,coin,
watch,timepiece,clock,arm,band,dial,analog,digital,second,minute,alarm,
water,drink,ocean,wet,thirst,swim,fish,bottle,river,moisture,pour,
waterfall,nature,falls,stream,river,cliff,rocks,spray,mist,sound,landscape,
wheelchair,accessibility,disability,mobility,handicap,chair,wheels,brakes,seat,battery,patient,
windmill,energy,wind,farm,turbine,blade,generator,power,motion,sustainable,country,
winter,season,cold,snowflake,ice,snowman,ski,coat,boots,sled,December,
wristwatch,timepiece,watch,arm,band,dial,analog,digital,second,minute,alarm,
xylophone,music,instrument,percussion,keys,orchestra,play,tunes,notes,songs,wood,percussion,keys,wood,orchestra,play,xylo,marimba,mallets,
yacht,boat,water,sail,luxury,sea,marina,cabin,cruise,speed,ship,
yellow,color,bright,lemon,sunshine,golden,butter,canary,light,daffodil,banana,sunshine,banana,lemon,caution,corn,bright,gold,amber,daffodil,
yo-yo,toy,spin,round,string,hand,trick,skill,classic,gravity,catch,
yoga,exercise,meditation,stretch,breath,relaxation,posture,spirituality,health,wellness,fitness,
zebra,stripes,animal,black,white,safari,hooves,herd,Africa,wild,grassland,
zoo,animals,exhibit,cage,keeper,attraction,entertainment,education,wildlife,habitats,visitor,
Leonardo, name, engineer, scientist, genius, inventor, designer, Da Vinci, Di Caprio, Rignanese, italian